id,title,type,state,points,agentic,created,delivered,planned_sprint,planned_start,planned_finish
X-1,Synthetic story 1,Story,To Do,5,False,2026-08-11T00:00:00Z,,Sprint 1,2026-08-31,2026-09-13
X-2,Synthetic story 2,Story,To Do,5,True,2026-08-11T00:00:00Z,,Sprint 1,2026-08-31,2026-09-13
X-3,Synthetic story 3,Story,Done,3,False,2026-08-11T00:00:00Z,2026-10-04T23:25Z,Sprint 1,2026-08-31,2026-09-13
X-4,Synthetic story 4,Story,To Do,5,False,2026-08-11T00:00:00Z,,Sprint 1,2026-08-31,2026-09-13
X-5,Synthetic story 5,Story,Done,2,True,2026-08-11T00:00:00Z,2026-09-23T04:49Z,Sprint 1,2026-08-31,2026-09-13
X-6,Synthetic story 6,Story,To Do,5,True,2026-08-11T00:00:00Z,,Sprint 1,2026-08-31,2026-09-13
X-7,Synthetic story 7,Story,To Do,8,False,2026-08-11T00:00:00Z,,Sprint 1,2026-08-31,2026-09-13
X-8,Synthetic story 8,Story,Done,3,True,2026-08-11T00:00:00Z,2026-09-29T06:09Z,Sprint 2,2026-09-14,2026-09-27
X-9,Synthetic story 9,Story,To Do,1,False,2026-08-11T00:00:00Z,,Sprint 2,2026-09-14,2026-09-27
X-10,Synthetic story 10,Story,To Do,5,True,2026-08-11T00:00:00Z,,Sprint 2,2026-09-14,2026-09-27
X-11,Synthetic story 11,Story,Done,2,True,2026-08-11T00:00:00Z,2026-09-24T10:24Z,Sprint 2,2026-09-14,2026-09-27
X-12,Synthetic story 12,Story,Done,8,False,2026-08-11T00:00:00Z,2026-09-29T04:48Z,Sprint 2,2026-09-14,2026-09-27
X-13,Synthetic story 13,Story,To Do,1,True,2026-08-11T00:00:00Z,,Sprint 2,2026-09-14,2026-09-27
X-14,Synthetic story 14,Story,To Do,5,False,2026-08-11T00:00:00Z,,Sprint 2,2026-09-14,2026-09-27
X-15,Synthetic story 15,Story,To Do,8,False,2026-08-11T00:00:00Z,,Sprint 3,2026-09-28,2026-10-11
X-16,Synthetic story 16,Story,Done,8,True,2026-08-11T00:00:00Z,2026-09-23T13:23Z,Sprint 3,2026-09-28,2026-10-11
X-17,Synthetic story 17,Story,To Do,5,False,2026-08-11T00:00:00Z,,Sprint 3,2026-09-28,2026-10-11
X-18,Synthetic story 18,Story,Done,2,False,2026-08-11T00:00:00Z,2026-09-28T04:21Z,Sprint 3,2026-09-28,2026-10-11
X-19,Synthetic story 19,Story,Done,8,True,2026-08-11T00:00:00Z,2026-10-01T04:24Z,Sprint 3,2026-09-28,2026-10-11
X-20,Synthetic story 20,Story,To Do,5,True,2026-08-11T00:00:00Z,,Sprint 3,2026-09-28,2026-10-11
X-21,Synthetic story 21,Story,Done,8,True,2026-08-11T00:00:00Z,2026-09-24T03:00Z,Sprint 4,2026-10-12,2026-10-25
X-22,Synthetic story 22,Story,To Do,1,True,2026-08-11T00:00:00Z,,Sprint 4,2026-10-12,2026-10-25
X-23,Synthetic story 23,Story,To Do,1,False,2026-08-11T00:00:00Z,,Sprint 4,2026-10-12,2026-10-25
X-24,Synthetic story 24,Story,To Do,8,True,2026-08-11T00:00:00Z,,Sprint 4,2026-10-12,2026-10-25
X-25,Synthetic story 25,Story,To Do,3,True,2026-08-11T00:00:00Z,,Sprint 4,2026-10-12,2026-10-25
X-26,Synthetic story 26,Story,To Do,5,True,2026-08-11T00:00:00Z,,Sprint 4,2026-10-12,2026-10-25
X-27,Synthetic story 27,Story,To Do,8,False,2026-08-11T00:00:00Z,,Sprint 4,2026-10-12,2026-10-25
X-28,Synthetic story 28,Story,To Do,3,False,2026-08-11T00:00:00Z,,Sprint 5,2026-10-26,2026-11-08
X-29,Synthetic story 29,Story,To Do,2,True,2026-08-11T00:00:00Z,,Sprint 5,2026-10-26,2026-11-08
X-30,Synthetic story 30,Story,Done,1,False,2026-08-11T00:00:00Z,2026-09-25T22:00Z,Sprint 5,2026-10-26,2026-11-08
X-31,Synthetic story 31,Story,Done,5,False,2026-08-11T00:00:00Z,2026-09-30T23:58Z,Sprint 5,2026-10-26,2026-11-08
X-32,Synthetic story 32,Story,To Do,2,False,2026-08-11T00:00:00Z,,Sprint 5,2026-10-26,2026-11-08
X-33,Synthetic story 33,Story,Done,3,False,2026-08-11T00:00:00Z,2026-10-04T01:34Z,Sprint 5,2026-10-26,2026-11-08
X-34,Synthetic story 34,Story,To Do,2,True,2026-08-11T00:00:00Z,,Sprint 5,2026-10-26,2026-11-08
X-35,Synthetic story 35,Story,Done,5,True,2026-08-11T00:00:00Z,2026-09-30T23:24Z,Sprint 6,2026-11-09,2026-11-22
X-36,Synthetic story 36,Story,To Do,5,True,2026-08-11T00:00:00Z,,Sprint 6,2026-11-09,2026-11-22
X-37,Synthetic story 37,Story,Done,5,False,2026-08-11T00:00:00Z,2026-09-25T22:53Z,Sprint 6,2026-11-09,2026-11-22
X-38,Synthetic story 38,Story,Done,1,False,2026-08-11T00:00:00Z,2026-09-27T23:14Z,Sprint 6,2026-11-09,2026-11-22
X-39,Synthetic story 39,Story,Done,5,True,2026-08-11T00:00:00Z,2026-09-30T08:15Z,Sprint 6,2026-11-09,2026-11-22
X-40,Synthetic story 40,Story,Done,1,True,2026-08-11T00:00:00Z,2026-10-04T13:53Z,Sprint 6,2026-11-09,2026-11-22
